{
  "location": {
    "min-interval-msec": 30000,
    "fix-timeout-msec": 15000
  },
  "ble": {
    "scan": {
      "duration-msec": 10000,
      "interval-msec": 90000,
      "interval-x-factor": 1,
      "duration-ios-cl-msec": 10000,
      "interval-ios-cl-msec": 90000,
      "interval-ios-cl-x-factor": 1
    },
    "stat": {
      "send-report-interval-msec": 86400000
    },
    "eid": {
      "scan-sink": "dtn://nodle.io/ble/scan",
      "stat-sink": "dtn://nodle.io/ble/stat"
    }
  },
  "cell": {
    "scan": {
      "interval-msec": 50000,
      "enable": true
    },
    "eid": {
      "scan-sink": "dtn://nodle.io/cell/scan"
    }
  },
  "nodlecast": {
    "eid": {
      "cast-sink": "dtn://nodle.io/ble/cast"
    }
  },
  "iotee": {
    "vm": {
      "max-ram": 128000,
      "max-lifetime": 259200000
    },
    "eid": {
      "tx-validated": "dtn://nodle.io/iotee/tx/validated"
    }
  },
  "nodle": {
    "authority": "nodle.io",
    "pub-key": "0xa2fe252365c4359dba8cc33f9f2ff40c5d51ff60ec12fad5a903fb36e07a2ff9"
  },
  "dtn": {
    "use-cellular": true,
    "default-push-url": "https://us-central1-production-242307.cloudfunctions.net/dtn-outbox",
    "default-pull-url": "https://us-central1-production-242307.cloudfunctions.net/dtn-inbox"
  },
  "cron": {
    "pull-config-interval-msec": 300000,
    "check-network-interval-msec": 30000,
    "ios-bt-refresh-sec": 0
  },
  "id": {
    "expire-sec": -1
  }
}
