{
  "location": {
    "min-interval-msec": 30000,
    "fix-timeout-msec": 15000
  },
  "ble": {
    "enable": true,
    "scan": {
      "duration-msec": 10000,
      "interval-msec": 90000,
      "interval-x-factor": 1,
      "duration-ios-cl-msec": 10000,
      "interval-ios-cl-msec": 90000,
      "interval-ios-cl-x-factor": 1,
      "background": 2
    },
    "stat": {
      "send-report-interval-msec": 86400000
    },
    "eid": {
      "scan-sink": "dtn://nodle.io/ble/scan"
    }
  },
  "cell": {
    "enable": true,
    "scan": {
      "interval-msec": 50000
    },
    "eid": {
      "scan-sink": "dtn://nodle.io/cell/scan"
    }
  },
  "heartbeat": {
    "enable": true,
    "resolution-h3": 7,
    "heartbeat-sync-mode": 0,
    "location-h3-enable": true,
    "eid": {
      "stat-sink": "dtn://nodle.io/heartbeat"
    }
  },
  "nodlecast": {
    "eid": {
      "cast-sink": "dtn://nodle.io/ble/cast"
    }
  },
  "iotee": {
    "vm": {
      "max-ram": 128000,
      "max-lifetime": 259200000
    },
    "eid": {
      "tx-validated": "dtn://nodle.io/iotee/tx/validated"
    }
  },
  "nodle": {
    "authority": "nodle.io",
    "pub-key": "0xa2fe252365c4359dba8cc33f9f2ff40c5d51ff60ec12fad5a903fb36e07a2ff9"
  },
  "telemetry": {
      "enable": true,
      "eid": {
          "stat-sink": "dtn://nodle.io/ble/stat"
      }
  },
  "dtn": {
    "use-cellular": true,
    "default-push-url": "https://dtn.nodle.io/outbox",
    "default-pull-url": "https://dtn.nodle.io/inbox"
  },
  "cron": {
    "pull-config-interval-msec": 300000,
    "check-network-interval-msec": 30000,
    "check-heartbeat-interval-msec": 60000,
    "ios-bt-refresh-sec": 300,
    "ios-bg-mode": 2,
    "ios-bg-mode-distance-meters": 20
  },
  "id": {
    "expire-sec": -1
  }
}
